データ日付,終値,始値,高値,安値
"2022/01/04","49232.92","45101.95"
"2022/01/05","49283.95","45148.70"
"2022/01/06","47865.37","43849.15"
"2022/01/07","47849.73","43834.82"
"2022/01/11","47419.46","43440.66"
"2022/01/12","48332.11","44276.73"
"2022/01/13","47867.48","43851.09"
"2022/01/14","47254.46","43289.50"
"2022/01/17","47606.03","43611.57"
"2022/01/18","47477.88","43494.17"
"2022/01/19","46150.49","42278.15"
"2022/01/20","46664.13","42748.69"
"2022/01/21","46242.95","42362.85"
"2022/01/24","46354.03","42464.61"
"2022/01/25","45586.13","41761.14"
"2022/01/26","45384.49","41576.42"
"2022/01/27","43971.39","40281.89"
"2022/01/28","44893.20","41125.85"
"2022/01/31","45371.48","41563.99"
"2022/02/01","45500.07","41681.78"
"2022/02/02","46264.81","42382.34"
"2022/02/03","45773.67","41932.42"
"2022/02/04","46107.51","42238.25"
"2022/02/07","45786.37","41944.06"
"2022/02/08","45846.27","41998.94"
"2022/02/09","46342.55","42453.57"
"2022/02/10","46537.82","42632.45"
"2022/02/14","45501.93","41683.49"
"2022/02/15","45141.67","41353.47"
"2022/02/16","46141.80","42269.67"
"2022/02/17","45759.48","41919.43"
"2022/02/18","45573.30","41748.88"
"2022/02/21","45218.42","41423.78"
"2022/02/22","44443.36","40713.76"
"2022/02/24","43638.85","39976.76"
"2022/02/25","44510.59","40771.24"
"2022/02/28","44595.18","40848.73"
"2022/03/01","45129.61","41338.27"
"2022/03/02","44370.26","40642.71"
"2022/03/03","44679.99","40926.42"
"2022/03/04","43685.09","40015.11"
"2022/03/07","42400.60","38838.53"
"2022/03/08","41676.94","38175.66"
"2022/03/09","41553.51","38062.60"
"2022/03/10","43189.04","39560.73"
"2022/03/11","42302.04","38748.25"
"2022/03/14","42545.92","38971.64"
"2022/03/15","42610.86","39031.13"
"2022/03/16","43309.42","39671.01"
"2022/03/17","44807.70","41043.31"
"2022/03/18","45101.13","41312.09"
"2022/03/22","45768.01","41922.95"
"2022/03/23","47139.92","43179.60"
"2022/03/24","47258.88","43288.40"
"2022/03/25","47325.20","43349.15"
"2022/03/28","46979.45","43032.35"
"2022/03/29","47498.15","43507.47"
"2022/03/30","47522.61","43454.88"
"2022/03/31","47173.86","43135.94"
"2022/04/01","46910.28","42894.92"
"2022/04/04","47029.80","43004.21"
"2022/04/05","47117.14","43084.07"
"2022/04/06","46375.01","42405.47"
"2022/04/07","45592.10","41689.58"
"2022/04/08","45756.96","41840.33"
"2022/04/11","45478.41","41585.62"
"2022/04/12","44653.44","40831.26"
"2022/04/13","45515.67","41619.68"
"2022/04/14","46072.69","42129.02"
"2022/04/15","45940.25","42007.70"
"2022/04/18","45442.61","41552.66"
"2022/04/19","45756.95","41840.09"
"2022/04/20","46151.63","42200.98"
"2022/04/21","46720.02","42720.72"
"2022/04/22","45960.71","42026.41"
"2022/04/25","45088.34","41228.71"
"2022/04/26","45273.72","41398.22"
"2022/04/27","44742.29","40912.27"
"2022/04/28","45524.44","41627.47"
"2022/05/02","45474.64","41581.93"
"2022/05/06","45788.38","41868.82"
"2022/05/09","44628.19","40807.94"
"2022/05/10","44370.05","40571.89"
"2022/05/11","44448.97","40644.05"
"2022/05/12","43660.63","39923.20"
"2022/05/13","44811.85","40975.88"
"2022/05/16","45014.31","41161.01"
"2022/05/17","45205.41","41335.75"
"2022/05/18","45631.78","41725.62"
"2022/05/19","44769.78","40937.41"
"2022/05/20","45339.84","41458.67"
"2022/05/23","45784.93","41865.66"
"2022/05/24","45355.29","41472.80"
"2022/05/25","45236.02","41363.74"
"2022/05/26","45112.31","41250.62"
"2022/05/27","45412.17","41524.81"
"2022/05/30","46408.78","42436.11"
"2022/05/31","46256.80","42297.14"
"2022/06/01","46558.78","42573.27"
"2022/06/02","46484.15","42505.03"
"2022/06/03","47073.71","43044.12"
"2022/06/06","47335.38","43283.39"
"2022/06/07","47382.96","43326.90"
"2022/06/08","47875.27","43777.07"
"2022/06/09","47896.02","43796.05"
"2022/06/10","47180.05","43141.37"
"2022/06/13","45761.05","41843.84"
"2022/06/14","45154.72","41289.41"
"2022/06/15","44639.75","40818.53"
"2022/06/16","44818.17","40981.61"
"2022/06/17","44024.86","40256.10"
"2022/06/20","43699.75","39958.80"
"2022/06/21","44508.89","40698.03"
"2022/06/22","44351.91","40553.17"
"2022/06/23","44392.68","40589.71"
"2022/06/24","44940.04","41089.56"
"2022/06/27","45588.02","41681.17"
"2022/06/28","45892.29","41959.00"
"2022/06/29","45536.88","41622.92"
"2022/06/30","44843.60","40988.14"
"2022/07/01","44066.41","40277.77"
"2022/07/04","44437.13","40616.62"
"2022/07/05","44895.30","41035.40"
"2022/07/06","44358.70","40544.93"
"2022/07/07","45009.24","41139.54"
"2022/07/08","45054.54","41180.94"
"2022/07/11","45555.95","41639.24"
"2022/07/12","44747.80","40900.58"
"2022/07/13","44989.25","41121.28"
"2022/07/14","45268.95","41376.93"
"2022/07/15","45515.45","41602.24"
"2022/07/19","45809.75","41871.23"
"2022/07/20","47030.67","42987.18"
"2022/07/21","47239.21","43177.79"
"2022/07/22","47428.93","43351.20"
"2022/07/25","47062.93","43016.67"
"2022/07/26","46988.10","42948.28"
"2022/07/27","47091.86","43042.95"
"2022/07/28","47264.11","43199.88"
"2022/07/29","47240.59","43178.39"
"2022/08/01","47566.34","43476.13"
"2022/08/02","46889.00","42857.04"
"2022/08/03","47139.07","43085.61"
"2022/08/04","47462.50","43381.21"
"2022/08/05","47876.56","43759.67"
"2022/08/08","48001.23","43873.62"
"2022/08/09","47577.72","43486.51"
"2022/08/10","47270.79","43205.98"
"2022/08/12","48507.22","44336.09"
"2022/08/15","49059.43","44840.77"
"2022/08/16","49054.55","44836.31"
"2022/08/17","49655.84","45385.89"
"2022/08/18","49178.99","44950.04"
"2022/08/19","49158.92","44931.70"
"2022/08/22","48928.12","44720.74"
"2022/08/23","48347.41","44189.97"
"2022/08/24","48110.74","43973.65"
"2022/08/25","48392.03","44230.75"
"2022/08/26","48667.93","44482.93"
"2022/08/29","47372.41","43298.82"
"2022/08/30","47937.59","43810.35"
"2022/08/31","47760.69","43648.68"
"2022/09/01","47029.51","42980.45"
"2022/09/02","47011.44","42963.93"
"2022/09/05","46958.34","42915.40"
"2022/09/06","46970.07","42926.12"
"2022/09/07","46636.48","42621.25"
"2022/09/08","47716.06","43607.88"
"2022/09/09","47970.49","43840.34"
"2022/09/12","48527.06","44349.00"
"2022/09/13","48650.36","44461.68"
"2022/09/14","47296.99","43224.83"
"2022/09/15","47394.39","43313.85"
"2022/09/16","46870.88","42835.31"
"2022/09/20","47076.21","43022.97"
"2022/09/21","46438.14","42439.83"
"2022/09/22","46167.30","42192.31"
"2022/09/26","44939.27","41070.01"
"2022/09/27","45177.84","41288.04"
"2022/09/28","44501.34","40669.79"
"2022/09/29","45302.28","41331.36"
"2022/09/30","44470.99","40572.94"
"2022/10/03","44948.63","41008.72"
"2022/10/04","46279.85","42223.25"
"2022/10/05","46499.86","42423.98"
"2022/10/06","46826.95","42722.40"
"2022/10/07","46492.28","42417.07"
"2022/10/11","45266.61","41298.83"
"2022/10/12","45259.03","41291.92"
"2022/10/13","44985.71","41042.56"
"2022/10/14","46448.82","42377.42"
"2022/10/17","45908.78","41884.72"
"2022/10/18","46560.91","42479.69"
"2022/10/19","46734.49","42638.06"
"2022/10/20","46305.13","42246.33"
"2022/10/21","46105.59","42064.28"
"2022/10/24","46250.16","42196.18"
"2022/10/25","46722.32","42626.95"
"2022/10/26","47033.62","42910.96"
"2022/10/27","46885.43","42775.71"
"2022/10/28","46474.82","42400.91"
"2022/10/31","47302.96","43156.22"
"2022/11/01","47461.03","43300.20"
"2022/11/02","47433.97","43275.59"
"2022/11/04","46639.08","42550.37"
"2022/11/07","47202.89","43064.45"
"2022/11/08","47793.69","43603.44"
"2022/11/09","47527.42","43360.39"
"2022/11/10","47064.74","42938.10"
"2022/11/11","48473.18","44221.81"
"2022/11/14","47958.50","43752.27"
"2022/11/15","48004.34","43794.08"
"2022/11/16","48069.73","43853.74"
"2022/11/17","47902.12","43700.83"
"2022/11/18","47849.30","43652.64"
"2022/11/21","47926.65","43723.17"
"2022/11/22","48219.84","43990.64"
"2022/11/24","48678.36","44408.94"
"2022/11/25","48506.75","44252.38"
"2022/11/28","48300.60","44064.31"
"2022/11/29","48069.09","43853.10"
"2022/11/30","47968.16","43761.02"
"2022/12/01","48409.08","44163.27"
"2022/12/02","47640.43","43462.04"
"2022/12/05","47713.32","43528.54"
"2022/12/06","47825.60","43630.98"
"2022/12/07","47483.50","43318.88"
"2022/12/08","47291.47","43143.69"
"2022/12/09","47851.57","43654.67"
"2022/12/12","47750.93","43562.86"
"2022/12/13","47943.91","43738.91"
"2022/12/14","48289.25","44053.96"
"2022/12/15","48110.01","43890.44"
"2022/12/16","47210.33","43069.67"
"2022/12/19","46713.86","42616.74"
"2022/12/20","45565.45","41569.05"
"2022/12/21","45256.21","41286.93"
"2022/12/22","45462.27","41474.92"
"2022/12/23","44994.71","41048.37"
"2022/12/26","45287.33","41315.33"
"2022/12/27","45359.36","41381.04"
"2022/12/28","45175.22","41213.05"
"2022/12/29","44825.86","40880.63"
"2022/12/30","44827.29","40881.93"
"2023/01/04","44178.55","40290.29"
"2023/01/05","44357.11","40453.13"
"2023/01/06","44620.03","40692.91"
"2023/01/10","44966.54","41008.93"
"2023/01/11","45431.12","41432.63"
"2023/01/12","45437.68","41438.61"
"2023/01/13","44870.26","40921.13"
"2023/01/16","44359.71","40455.51"
"2023/01/17","44903.18","40951.15"
"2023/01/18","46024.00","41973.32"
"2023/01/19","45361.09","41368.75"
"2023/01/20","45615.85","41601.09"
"2023/01/23","46221.42","42153.36"
"2023/01/24","46896.81","42769.30"
"2023/01/25","47061.42","42919.42"
"2023/01/26","47006.00","42868.88"
"2023/01/27","47040.03","42899.92"
"2023/01/30","47130.42","42981.80"
"2023/01/31","46947.81","42815.27"
"2023/02/01","46981.77","42846.25"
"2023/02/02","47076.55","42932.69"
"2023/02/03","47261.08","43100.98"
"2023/02/06","47577.52","43389.56"
"2023/02/07","47563.47","43376.74"
"2023/02/08","47427.73","43252.95"
"2023/02/09","47389.75","43218.31"
"2023/02/10","47538.58","43354.04"
"2023/02/13","47119.97","42972.28"
"2023/02/14","47421.39","43247.17"
"2023/02/15","47248.03","43089.07"
"2023/02/16","47582.32","43393.93"
"2023/02/17","47267.39","43106.73"
"2023/02/20","47299.71","43136.20"
"2023/02/21","47198.62","43044.01"
"2023/02/22","46565.06","42466.22"
"2023/02/24","47164.91","43013.27"
"2023/02/27","47141.63","42986.96"
"2023/02/28","47178.76","43020.82"
"2023/03/01","47300.76","43132.07"
"2023/03/02","47270.40","43104.39"
"2023/03/03","48007.16","43776.22"
"2023/03/06","48540.58","44262.63"
"2023/03/07","48663.28","44374.52"
"2023/03/08","48895.40","44586.18"
"2023/03/09","49203.03","44866.70"
"2023/03/10","48379.32","44115.59"
"2023/03/13","47844.70","43628.08"
"2023/03/14","46794.53","42670.46"
"2023/03/15","46807.32","42682.12"
"2023/03/16","46431.08","42339.04"
"2023/03/17","46987.50","42846.27"
"2023/03/20","46320.31","42237.88"
"2023/03/22","47215.82","43054.46"
"2023/03/23","47135.61","42981.21"
"2023/03/24","47076.54","42927.35"
"2023/03/27","47234.21","43071.09"
"2023/03/28","47305.34","43135.95"
"2023/03/29","47931.69","43707.47"
"2023/03/30","48201.91","43871.71"
"2023/03/31","48651.96","44281.06"
"2023/04/03","48906.43","44512.67"
"2023/04/04","49078.66","44669.43"
"2023/04/05","48255.99","43920.67"
"2023/04/06","47665.00","43382.77"
"2023/04/07","47744.25","43454.90"
"2023/04/10","47944.38","43637.05"
"2023/04/11","48447.03","44094.54"
"2023/04/12","48723.47","44346.14"
"2023/04/13","48852.33","44463.42"
"2023/04/14","49437.94","44996.09"
"2023/04/17","49474.91","45029.74"
"2023/04/18","49724.85","45257.22"
"2023/04/19","49634.51","45174.99"
"2023/04/20","49722.67","45255.23"
"2023/04/21","49560.96","45108.05"
"2023/04/24","49611.54","45154.08"
"2023/04/25","49657.61","45196.01"
"2023/04/26","49304.72","44874.74"
"2023/04/27","49376.22","44939.82"
"2023/04/28","50068.10","45569.53"
"2023/05/01","50530.91","45990.76"
"2023/05/02","50591.24","46045.67"
"2023/05/08","50230.22","45717.09"
"2023/05/09","50738.49","46179.70"
"2023/05/10","50529.17","45989.19"
"2023/05/11","50537.05","45996.36"
"2023/05/12","50990.91","46409.44"
"2023/05/15","51403.93","46785.35"
"2023/05/16","51779.83","47127.48"
"2023/05/17","52214.64","47523.22"
"2023/05/18","53048.07","48281.76"
"2023/05/19","53454.81","48651.95"
"2023/05/22","53937.98","49091.70"
"2023/05/23","53714.07","48887.91"
"2023/05/24","53236.82","48453.54"
"2023/05/25","53442.34","48640.59"
"2023/05/26","53642.78","48822.91"
"2023/05/29","54193.20","49323.88"
"2023/05/30","54357.37","49473.30"
"2023/05/31","53593.44","48778.01"
"2023/06/01","54044.79","49188.81"
"2023/06/02","54697.55","49782.92"
"2023/06/05","55900.34","50877.63"
"2023/06/06","56402.39","51334.57"
"2023/06/07","55373.41","50398.04"
"2023/06/08","54900.65","49967.76"
"2023/06/09","55983.18","50953.02"
"2023/06/12","56276.12","51219.64"
"2023/06/13","57290.54","52142.92"
"2023/06/14","58129.93","52906.89"
"2023/06/15","58102.64","52881.67"
"2023/06/16","58485.40","53230.03"
"2023/06/19","57902.98","52699.94"
"2023/06/20","57935.53","52729.49"
"2023/06/21","58266.10","53028.98"
"2023/06/22","57730.38","52540.91"
"2023/06/23","56892.06","51777.85"
"2023/06/26","56751.78","51649.58"
"2023/06/27","56472.96","51395.87"
"2023/06/28","57612.40","52432.59"
"2023/06/29","57744.08","52540.97"
"2023/06/30","57670.18","52472.91"
"2023/07/03","58650.71","53365.07"
"2023/07/04","58075.89","52842.05"
"2023/07/05","57930.24","52709.53"
"2023/07/06","56947.30","51815.17"
"2023/07/07","56279.01","51207.11"
"2023/07/10","55933.76","50892.97"
"2023/07/11","55957.81","50914.85"
"2023/07/12","55506.65","50504.35"
"2023/07/13","56332.72","51255.97"
"2023/07/14","56283.94","51211.59"
"2023/07/18","56462.27","51373.85"
"2023/07/19","57161.04","52009.65"
"2023/07/20","56456.41","51368.53"
"2023/07/21","56132.74","51074.03"
"2023/07/24","56822.04","51701.21"
"2023/07/25","56790.02","51672.07"
"2023/07/26","56765.40","51649.67"
"2023/07/27","57152.58","52001.96"
"2023/07/28","56927.70","51796.54"
"2023/07/31","57645.38","52449.53"
"2023/08/01","58174.28","52930.76"
"2023/08/02","56838.13","51715.05"
"2023/08/03","55885.12","50847.94"
"2023/08/04","55943.28","50900.86"
"2023/08/07","56050.74","50998.64"
"2023/08/08","56264.02","51192.69"
"2023/08/09","55963.91","50919.55"
"2023/08/10","56432.10","51345.51"
"2023/08/14","55713.15","50691.34"
"2023/08/15","56024.18","50974.33"
"2023/08/16","55203.82","50227.92"
"2023/08/17","54959.11","50005.26"
"2023/08/18","54654.58","49728.18"
"2023/08/21","54854.22","49909.82"
"2023/08/22","55360.04","50370.04"
"2023/08/23","55626.88","50612.82"
"2023/08/24","56108.16","51050.72"
"2023/08/25","54956.13","50002.53"
"2023/08/28","55904.46","50865.38"
"2023/08/29","56003.48","50955.47"
"2023/08/30","56223.19","51148.97"
"2023/08/31","56720.29","51601.21"
"2023/09/01","56879.01","51745.61"
"2023/09/04","57276.44","52107.17"
"2023/09/05","57446.12","52261.53"
"2023/09/06","57801.30","52584.65"
"2023/09/07","57366.69","52189.26"
"2023/09/08","56698.55","51581.42"
"2023/09/11","56456.71","51361.41"
"2023/09/12","56993.34","51849.61"
"2023/09/13","56871.88","51739.11"
"2023/09/14","57674.50","52469.29"
"2023/09/15","58309.16","53046.68"
"2023/09/19","57804.91","52587.78"
"2023/09/20","57424.43","52241.64"
"2023/09/21","56637.15","51525.42"
"2023/09/22","56343.94","51258.67"
"2023/09/25","56824.24","51695.62"
"2023/09/26","56192.03","51120.47"
"2023/09/27","56290.89","51210.40"
"2023/09/28","55813.22","50703.64"
"2023/09/29","55787.13","50679.94"
"2023/10/02","55615.97","50524.45"
"2023/10/03","54701.98","49694.13"
"2023/10/04","53456.81","48562.96"
"2023/10/05","54417.27","49435.50"
"2023/10/06","54275.97","49307.14"
"2023/10/10","55592.58","50503.22"
"2023/10/11","55925.26","50805.45"
"2023/10/12","56902.66","51693.37"
"2023/10/13","56589.78","51409.14"
"2023/10/16","55439.44","50364.09"
"2023/10/17","56107.08","50970.61"
"2023/10/18","56110.51","50973.73"
"2023/10/19","55039.46","50000.73"
"2023/10/20","54739.56","49728.28"
"2023/10/23","54284.60","49314.97"
"2023/10/24","54394.57","49414.87"
"2023/10/25","54758.05","49745.08"
"2023/10/26","53588.04","48682.18"
"2023/10/27","54272.89","49303.96"
"2023/10/30","53757.28","48835.46"
"2023/10/31","54040.84","49093.06"
"2023/11/01","55340.93","50274.25"
"2023/11/02","55950.77","50828.26"
"2023/11/06","57280.46","52035.99"
"2023/11/07","56515.76","51341.31"
"2023/11/08","56332.23","51174.41"
"2023/11/09","57172.98","51938.15"
"2023/11/10","57037.48","51814.74"
"2023/11/13","57071.14","51844.60"
"2023/11/14","57265.25","52020.94"
"2023/11/15","58708.57","53331.98"
"2023/11/16","58541.67","53180.37"
"2023/11/17","58823.29","53436.20"
"2023/11/20","58477.95","53122.49"
"2023/11/21","58418.59","53068.57"
"2023/11/22","58589.69","53224.00"
"2023/11/24","58893.92","53500.37"
"2023/11/27","58582.40","53217.38"
"2023/11/28","58513.60","53154.88"
"2023/11/29","58360.92","53016.19"
"2023/11/30","58651.09","53279.78"
"2023/12/01","58555.88","53192.96"
"2023/12/04","58205.16","52874.36"
"2023/12/05","57407.43","52149.69"
"2023/12/06","58581.09","53215.86"
"2023/12/07","57551.92","52280.94"
"2023/12/08","56587.80","51405.12"
"2023/12/11","57435.43","52175.12"
"2023/12/12","57526.33","52257.70"
"2023/12/13","57671.09","52389.20"
"2023/12/14","57250.55","52007.18"
"2023/12/15","57748.51","52459.53"
"2023/12/18","57377.94","52122.90"
"2023/12/19","58184.36","52855.46"
"2023/12/20","58984.02","53581.88"
"2023/12/21","58046.13","52729.89"
"2023/12/22","58096.19","52775.36"
"2023/12/25","58245.03","52910.57"
"2023/12/26","58335.79","52993.02"
"2023/12/27","58993.29","53590.30"
"2023/12/28","58836.77","53431.22"
"2023/12/29","58704.41","53311.02"
"2024/01/04","58395.87","53030.83"
"2024/01/05","58552.23","53172.82"
"2024/01/09","59228.95","53787.37"
"2024/01/10","60419.28","54868.34"
"2024/01/11","61486.11","55837.15"
"2024/01/12","62411.04","56677.10"
"2024/01/15","62980.61","57194.34"
"2024/01/16","62484.84","56744.12"
"2024/01/17","62236.74","56518.81"
"2024/01/18","62216.43","56500.36"
"2024/01/19","63088.47","57292.28"
"2024/01/22","64112.39","58222.13"
"2024/01/23","64060.85","58175.33"
"2024/01/24","63550.21","57711.60"
"2024/01/25","63567.73","57727.51"
"2024/01/26","62716.22","56954.23"
"2024/01/29","63200.16","57393.71"
"2024/01/30","63271.87","57458.21"
"2024/01/31","63659.32","57810.06"
"2024/02/01","63176.44","57371.55"
"2024/02/02","63433.33","57604.88"
"2024/02/05","63777.43","57917.36"
"2024/02/06","63437.97","57609.09"
"2024/02/07","63366.50","57544.19"
"2024/02/08","64670.60","58728.47"
"2024/02/09","64730.49","58782.86"
"2024/02/13","66601.58","60482.03"
"2024/02/14","66144.31","60066.78"
"2024/02/15","66941.87","60791.05"
"2024/02/16","67519.57","61315.67"
"2024/02/19","67489.99","61288.81"
"2024/02/20","67302.68","61118.71"
"2024/02/21","67124.70","60957.09"
"2024/02/22","68592.24","62289.79"
"2024/02/26","68829.13","62504.91"
"2024/02/27","68839.32","62514.17"
"2024/02/28","68820.44","62490.32"
"2024/02/29","68747.00","62423.63"
"2024/03/01","70054.02","63610.43"
"2024/03/04","70402.28","63926.66"
"2024/03/05","70381.92","63908.17"
"2024/03/06","70369.90","63897.25"
"2024/03/07","69506.19","63112.98"
"2024/03/08","69664.57","63256.79"
"2024/03/11","68140.21","61872.64"
"2024/03/12","68099.87","61836.01"
"2024/03/13","67921.64","61674.17"
"2024/03/14","68117.19","61851.74"
"2024/03/15","67942.12","61692.77"
"2024/03/18","69755.83","63339.50"
"2024/03/19","70217.75","63758.93"
"2024/03/21","71643.15","65053.22"
"2024/03/22","71770.88","65169.20"
"2024/03/25","70938.80","64413.57"
"2024/03/26","70910.56","64387.93"
"2024/03/27","71552.70","64970.64"
"2024/03/28","70973.98","64359.36"
"2024/03/29","71346.41","64694.02"
"2024/04/01","70345.48","63786.42"
"2024/04/02","70408.79","63843.82"
"2024/04/03","69724.72","63223.54"
"2024/04/04","70292.55","63738.42"
"2024/04/05","68912.15","62486.73"
"2024/04/08","69539.48","63055.57"
"2024/04/09","70292.52","63738.40"
"2024/04/10","69954.39","63431.80"
"2024/04/11","69708.41","63208.76"
"2024/04/12","69853.19","63339.72"
"2024/04/15","69339.32","62873.77"
"2024/04/16","67993.28","61653.24"
"2024/04/17","67092.98","60836.88"
"2024/04/18","67301.35","61025.82"
"2024/04/19","65513.91","59405.05"
"2024/04/22","66168.30","59998.42"
"2024/04/23","66368.99","60180.39"
"2024/04/24","67973.63","61635.41"
"2024/04/25","66503.88","60302.70"
"2024/04/26","67045.49","60793.75"
"2024/04/30","67877.75","61548.41"
"2024/05/01","67645.14","61337.49"
"2024/05/02","67578.01","61276.62"
"2024/05/07","68636.73","62236.62"
"2024/05/08","67518.45","61222.62"
"2024/05/09","67291.53","61016.86"
"2024/05/10","67565.71","61265.47"
"2024/05/13","67477.96","61185.90"
"2024/05/14","67790.08","61468.92"
"2024/05/15","67842.52","61516.47"
"2024/05/16","68787.24","62373.10"
"2024/05/17","68552.39","62160.15"
"2024/05/20","69051.32","62612.56"
"2024/05/21","68834.37","62415.84"
"2024/05/22","68251.52","61887.32"
"2024/05/23","69110.68","62666.37"
"2024/05/24","68303.02","61933.99"
"2024/05/27","68751.78","62340.90"
"2024/05/28","68672.87","62269.34"
"2024/05/29","68145.30","61790.97"
"2024/05/30","67256.76","60985.28"
"2024/05/31","68023.40","61680.44"
"2024/06/03","68792.45","62377.78"
"2024/06/04","68641.21","62240.65"
"2024/06/05","68027.41","61684.09"
"2024/06/06","68404.47","62025.99"
"2024/06/07","68369.86","61994.61"
"2024/06/10","68995.93","62562.30"
"2024/06/11","69166.71","62717.16"
"2024/06/12","68710.58","62303.56"
"2024/06/13","68434.44","62053.17"
"2024/06/14","68600.73","62203.96"
"2024/06/17","67342.13","61062.72"
"2024/06/18","68013.16","61671.18"
"2024/06/19","68178.55","61819.55"
"2024/06/20","68294.68","61923.73"
"2024/06/21","68231.52","61866.19"
"2024/06/24","68603.10","62202.45"
"2024/06/25","69255.87","62794.07"
"2024/06/26","70132.03","63587.93"
"2024/06/27","69625.53","63115.98"
"2024/06/28","70056.40","63505.94"
"2024/07/01","70141.55","63583.09"
"2024/07/02","70926.71","64294.84"
"2024/07/03","71822.38","65106.77"
"2024/07/04","72411.55","65640.85"
"2024/07/05","72409.28","65638.80"
"2024/07/08","72176.24","65427.55"
"2024/07/09","73591.19","66710.20"
"2024/07/10","74036.88","67114.21"
"2024/07/11","74730.72","67743.17"
"2024/07/12","72901.85","66085.30"
"2024/07/16","73051.23","66220.71"
"2024/07/17","72737.27","65936.11"
"2024/07/18","71018.13","64377.72"
"2024/07/19","70907.41","64277.35"
"2024/07/22","70084.80","63531.65"
"2024/07/23","70076.64","63524.25"
"2024/07/24","69298.71","62819.06"
"2024/07/25","67023.83","60756.89"
"2024/07/26","66666.14","60432.65"
"2024/07/29","68084.19","61718.11"
"2024/07/30","68189.34","61812.75"
"2024/07/31","69208.61","62736.70"
"2024/08/01","67482.03","61171.58"
"2024/08/02","63558.69","57615.12"
"2024/08/05","55680.00","50473.21"
"2024/08/06","61374.02","55634.76"
"2024/08/07","62107.06","56299.26"
"2024/08/08","61649.62","55884.58"
"2024/08/09","61992.85","56195.68"
"2024/08/13","64130.32","58133.22"
"2024/08/14","64501.87","58470.03"
"2024/08/15","65004.91","58926.03"
"2024/08/16","67369.64","61069.62"
"2024/08/19","66176.59","59988.14"
"2024/08/20","67370.08","61070.02"
"2024/08/21","67173.40","60891.73"
"2024/08/22","67632.19","61307.62"
"2024/08/23","67903.45","61553.52"
"2024/08/26","67453.79","61145.91"
"2024/08/27","67769.55","61432.14"
"2024/08/28","67916.70","61565.53"
"2024/08/29","67947.37","61584.69"
"2024/08/30","68452.55","62042.56"
"2024/09/02","68546.64","62127.84"
"2024/09/03","68520.85","62104.47"
"2024/09/04","65618.40","59473.81"
"2024/09/05","64926.71","58846.89"
"2024/09/06","64456.25","58420.48"
"2024/09/09","64145.02","58138.39"
"2024/09/10","64044.79","58047.54"
"2024/09/11","63089.43","57181.64"
"2024/09/12","65238.77","59129.71"
"2024/09/13","64793.30","58725.95"
"2024/09/17","64122.83","58118.27"
"2024/09/18","64436.24","58402.33"
"2024/09/19","65810.06","59647.35"
"2024/09/20","66817.14","60560.12"
"2024/09/24","67200.93","60907.97"
"2024/09/25","67076.36","60795.07"
"2024/09/26","68945.65","62489.31"
"2024/09/27","71010.07","64275.10"
"2024/09/30","67604.81","61192.81"
"2024/10/01","68910.60","62374.76"
"2024/10/02","67407.28","61014.03"
"2024/10/03","68732.47","62213.53"
"2024/10/04","68881.44","62348.38"
"2024/10/07","70124.30","63473.36"
"2024/10/08","69419.72","62835.60"
"2024/10/09","70026.69","63385.00"
"2024/10/10","70210.20","63551.10"
"2024/10/11","70611.18","63914.05"
"2024/10/15","71154.50","64405.84"
"2024/10/16","69852.66","63227.46"
"2024/10/17","69372.88","62793.18"
"2024/10/18","69498.86","62907.18"
"2024/10/21","69450.46","62863.37"
"2024/10/22","68483.01","61987.68"
"2024/10/23","67935.49","61492.09"
"2024/10/24","68004.01","61554.11"
"2024/10/25","67595.08","61183.96"
"2024/10/28","68829.44","62301.00"
"2024/10/29","69361.01","62782.15"
"2024/10/30","70027.79","63385.59"
"2024/10/31","69678.38","63069.27"
"2024/11/01","67847.31","61411.69"
"2024/11/05","68600.98","62093.38"
"2024/11/06","70393.49","63715.99"
"2024/11/07","70219.63","63558.04"
"2024/11/08","70431.33","63749.74"
"2024/11/11","70491.45","63803.90"
"2024/11/12","70211.09","63550.14"
"2024/11/13","69049.66","62497.89"
"2024/11/14","68718.18","62197.83"
"2024/11/15","68909.49","62370.97"
"2024/11/18","68156.86","61689.75"
"2024/11/19","68502.06","62002.19"
"2024/11/20","68391.46","61902.07"
"2024/11/21","67809.82","61375.62"
"2024/11/22","68269.33","61791.52"
"2024/11/25","69154.33","62592.55"
"2024/11/26","68551.34","62046.78"
"2024/11/27","68003.83","61551.22"
"2024/11/28","68385.60","61896.77"
"2024/11/29","68134.11","61669.14"
"2024/12/02","68677.98","62161.40"
"2024/12/03","69990.16","63349.07"
"2024/12/04","70039.25","63393.50"
"2024/12/05","70251.83","63585.91"
"2024/12/06","69708.96","63094.55"
"2024/12/09","69832.59","63206.45"
"2024/12/10","70201.86","63540.68"
"2024/12/11","70210.15","63548.19"
"2024/12/12","71060.60","64317.94"
"2024/12/13","70385.29","63706.70"
"2024/12/16","70362.25","63685.83"
"2024/12/17","70196.75","63536.03"
"2024/12/18","69692.15","63079.31"
"2024/12/19","69214.01","62646.54"
"2024/12/20","69014.86","62466.28"
"2024/12/23","69834.15","63207.83"
"2024/12/24","69612.15","63006.90"
"2024/12/25","69779.03","63157.94"
"2024/12/26","70559.43","63864.29"
"2024/12/27","71914.16","65075.20"
"2024/12/30","71223.93","64450.61"
"2025/01/06","70175.08","63501.51"
"2025/01/07","71560.92","64755.56"
"2025/01/08","71378.39","64590.39"
"2025/01/09","70707.17","63983.00"
"2025/01/10","69966.82","63313.06"
"2025/01/14","68688.36","62156.18"
"2025/01/15","68635.30","62108.17"
"2025/01/16","68863.85","62314.99"
"2025/01/17","68647.58","62119.29"
"2025/01/20","69452.82","62847.96"
"2025/01/21","69676.84","63050.68"
"2025/01/22","70780.64","64049.51"
"2025/01/23","71338.76","64554.56"
"2025/01/24","71290.75","64511.12"
"2025/01/27","70637.01","63919.55"
"2025/01/28","69657.00","63032.74"
"2025/01/29","70367.39","63675.57"
"2025/01/30","70548.29","63838.56"
"2025/01/31","70652.77","63933.10"
"2025/02/03","68773.81","62232.85"
"2025/02/04","69270.65","62682.44"
"2025/02/05","69329.76","62735.93"
"2025/02/06","69749.42","63115.68"
"2025/02/07","69250.38","62664.11"
"2025/02/10","69275.64","62686.97"
"2025/02/12","69565.82","62949.55"
"2025/02/13","70454.54","63753.74"
"2025/02/14","69897.42","63249.61"
"2025/02/17","69941.73","63289.71"
"2025/02/18","70113.40","63445.05"
"2025/02/19","69924.52","63274.14"
"2025/02/20","69055.80","62488.04"
"2025/02/21","69232.38","62647.82"
"2025/02/25","68269.78","61776.77"
"2025/02/26","68099.42","61622.61"
"2025/02/27","68347.77","61839.04"
"2025/02/28","66381.33","60059.87"
"2025/03/03","67506.82","61078.18"
"2025/03/04","66695.19","60343.84"
"2025/03/05","66850.73","60484.57"
"2025/03/06","67362.93","60947.99"
"2025/03/07","65901.94","59626.12"
"2025/03/10","66154.03","59854.20"
"2025/03/11","65733.90","59474.08"
"2025/03/12","65780.32","59516.08"
"2025/03/13","65728.40","59469.11"
"2025/03/14","66198.40","59894.35"
"2025/03/17","66811.95","60449.47"
"2025/03/18","67614.98","61175.84"
"2025/03/19","67447.86","61024.64"
"2025/03/21","67314.19","60903.70"
"2025/03/24","67191.68","60792.86"
"2025/03/25","67499.07","61070.97"
"2025/03/26","67939.92","61469.83"
"2025/03/27","67533.64","61102.26"
"2025/03/28","66871.76","60401.86"
"2025/03/31","64164.99","57956.89"
"2025/04/01","64177.46","57968.15"
"2025/04/02","64360.11","58133.13"
"2025/04/03","62576.73","56522.30"
"2025/04/04","60855.67","54967.75"
"2025/04/07","56092.51","50665.43"
"2025/04/08","59472.12","53718.06"
"2025/04/09","57132.78","51605.06"
"2025/04/10","62348.06","56315.75"
"2025/04/11","60506.77","54652.17"
"2025/04/14","61221.60","55297.83"
"2025/04/15","61735.37","55761.89"
"2025/04/16","61109.97","55197.01"
"2025/04/17","61933.65","55940.99"
"2025/04/18","62569.03","56514.89"
"2025/04/21","61757.67","55782.04"
"2025/04/22","61650.80","55685.51"
"2025/04/23","62818.27","56740.02"
"2025/04/24","63125.83","57017.76"
"2025/04/25","64326.75","58102.47"
"2025/04/28","64568.61","58320.93"
"2025/04/30","64938.64","58655.15"
"2025/05/01","65671.74","59317.31"
"2025/05/02","66353.44","59933.05"
"2025/05/07","66261.51","59850.01"
"2025/05/08","66529.89","60092.42"
"2025/05/09","67565.26","61027.61"
"2025/05/12","67819.16","61256.94"
"2025/05/13","68790.21","62134.03"
"2025/05/14","68690.89","62044.32"
"2025/05/15","68019.59","61437.97"
"2025/05/16","68016.37","61435.06"
"2025/05/19","67556.80","61019.96"
"2025/05/20","67612.40","61070.18"
"2025/05/21","67197.21","60695.15"
"2025/05/22","66633.12","60185.64"
"2025/05/23","66947.68","60469.76"
"2025/05/26","67616.18","61073.57"
"2025/05/27","67963.13","61386.95"
"2025/05/28","67960.05","61384.17"
"2025/05/29","69240.22","62540.47"
"2025/05/30","68397.62","61779.34"
"2025/06/02","67506.86","60974.77"
"2025/06/03","67463.87","60935.94"
"2025/06/04","68005.50","61425.16"
"2025/06/05","67657.86","61111.16"
"2025/06/06","67994.97","61415.65"
"2025/06/09","68620.05","61980.25"
"2025/06/10","68841.54","62180.31"
"2025/06/11","69219.30","62521.52"
"2025/06/12","68772.33","62117.80"
"2025/06/13","68161.88","61566.42"
"2025/06/16","69021.38","62342.76"
"2025/06/17","69427.48","62709.56"
"2025/06/18","70058.90","63279.20"
"2025/06/19","69345.07","62634.25"
"2025/06/20","69193.10","62496.72"
"2025/06/23","69109.48","62420.28"
"2025/06/24","69897.46","63131.71"
"2025/06/25","70175.42","63381.86"
"2025/06/26","71335.51","64429.23"
"2025/06/27","72449.10","65417.90"
"2025/06/30","73063.18","65971.16"
"2025/07/01","72158.97","65154.72"
"2025/07/02","71755.01","64789.97"
"2025/07/03","71797.27","64828.13"
"2025/07/04","71842.35","64868.83"
"2025/07/07","71439.57","64505.14"
"2025/07/08","71622.07","64669.92"
"2025/07/09","71861.12","64885.77"
"2025/07/10","71545.46","64600.75"
"2025/07/11","71407.08","64475.81"
本資料は日経の著作物であり、本資料の全部又は一部を、いかなる形式によっても日経に無断で複写、複製、転載または流布することができません。,,,,
